created_at,favorite_count,full_text,user
Tue May 07 16:02:39 +0000 2024,0,Fucking hell I feel old,its_jtb
Tue May 07 15:10:16 +0000 2024,0,"Respectfully SQA, what was that textual analysis???",its_jtb
Tue May 07 15:09:48 +0000 2024,2,Advacned English exam done and dusted https://t.co/mH8Kyznv9U,its_jtb
Tue May 07 07:40:33 +0000 2024,1,Advanced higher english today https://t.co/b4TYeKdYDf,its_jtb
Mon May 06 21:30:00 +0000 2024,1,Brother said https://t.co/mcjECTPkFD,its_jtb
Mon May 06 21:02:22 +0000 2024,0,https://t.co/zOpiQrQVgW,its_jtb
Mon May 06 20:32:46 +0000 2024,1,holy shit what a player https://t.co/mTxBzgJL5C,its_jtb
Mon May 06 20:27:40 +0000 2024,0,"fuck it, they are winning the league you're in trouble @MwepuMagic",its_jtb
Mon May 06 19:43:11 +0000 2024,0,I still firmly believe this,its_jtb
Mon May 06 18:06:02 +0000 2024,1,No one tell this man about the blue lagoon,its_jtb
Mon May 06 16:48:24 +0000 2024,2,Ayr or Ardrossan and its not close,its_jtb
Mon May 06 15:39:16 +0000 2024,1,"American sports needs to bin off its chants. No more ""Defence du du du Defence"" and more "" your sister is you mother, your father is your brother, you all shag one another, the Indiana family""",its_jtb
Mon May 06 14:15:06 +0000 2024,0,That might be the worst like to quote ratio ever Holy shit,its_jtb
Mon May 06 12:39:56 +0000 2024,1,https://t.co/dUNJKpNb5d,its_jtb
Mon May 06 10:53:12 +0000 2024,1,I'm kinda cooked for advanced english,its_jtb
Mon May 06 09:17:50 +0000 2024,3,Drake went hard on this new track ğŸ”¥ğŸ”¥ğŸ”¥ https://t.co/jgrgbKDXju,its_jtb
Sun May 05 23:58:19 +0000 2024,1,"All things considered, Spurs losing 4 on the spin then beating City to hand their rivals the title would be the most spursy thing possible",its_jtb
Sun May 05 21:41:45 +0000 2024,2,Go on lando son,its_jtb
Sun May 05 20:20:48 +0000 2024,6,This is what every non old firm side think it's like when leading https://t.co/XIMhNrVk10,its_jtb
Sun May 05 19:51:07 +0000 2024,1,1 of 15 is fucking diabolical,its_jtb
Sun May 05 19:03:36 +0000 2024,2,I apologise mr Donovan Mitchell,its_jtb
Sun May 05 17:33:56 +0000 2024,1,Cavs once again said https://t.co/5AcFEUHIYB,its_jtb
Sun May 05 14:57:58 +0000 2024,2,I'm convinced this man was made in the lab fir twitter interactions,its_jtb
Sun May 05 14:26:16 +0000 2024,1,"This sounds like a weird analogy but does Chelsea not remind anyone of the Dallas Mavericks a little bit. Over reliant on one star they gambled and hit on (Luka, Plamer) and then gambled on a bunch of players (KP,Grant, Literally every chelsea signing) #CHEWHU",its_jtb
Sun May 05 14:17:51 +0000 2024,1,why the fuck is this tweet getting botted by women names Autumn and @asuthe4 https://t.co/5gHxBY2GXp,its_jtb
Sun May 05 14:04:03 +0000 2024,0,"If he has more goal involvements next year for Chelsea, that's a big problem for the blues. They over rely on him too much, everything goes through him. It's why the saka comparisons are stupid as there Is 4-6 attacking threats for arsenal, so saka isn't needed for every attack",its_jtb
Sun May 05 14:01:15 +0000 2024,1,Any team outside the Old firm should be scrambling for him,its_jtb
Sun May 05 13:34:18 +0000 2024,0,RT @BilelMohsni_: https://t.co/wCkdA1PS3z,its_jtb
Sun May 05 12:37:48 +0000 2024,0,Was it actually a red? im not watching the game,its_jtb
Sun May 05 00:22:40 +0000 2024,2,"He's dropped more songs in the last 3 days than an entire 5 year period. Thanks drake, your sacrifice was necessary for kendrick lamars consistency",its_jtb
Sun May 05 00:01:31 +0000 2024,0,Omg Kendrick just doesn't stop. DRAKES ALREADY DEAD K-DOT,its_jtb
Sat May 04 21:00:36 +0000 2024,4,Simon Cowell after Britain's Got Talent 2009,its_jtb
Sat May 04 18:59:21 +0000 2024,0,We are back ladies and gentlemen,its_jtb
Sat May 04 18:53:29 +0000 2024,0,Back to business at Marine - Journeyman season 3  https://t.co/HRxT02IHwp,its_jtb
Sat May 04 18:36:08 +0000 2024,1,It's realistically a toss up of four https://t.co/qem5Ryd23s,its_jtb
Sat May 04 18:32:30 +0000 2024,0,Average twitter ball knowledge,its_jtb
Sat May 04 17:47:51 +0000 2024,1,I tc saka over haaland fs,its_jtb
Tue May 07 16:49:07 +0000 2024,0,RT @PoweredbyidTech: id Software is one shareholder's report away from being shut down. Think about that.,ShenMofongo
Tue May 07 16:45:54 +0000 2024,0,"RT @davidscottjaffe: The 3 Great Mysteries: 

#1- Is there a God?
#2-What is the meaning of life? 
#3-How in the CACA-DOODY-FUCK-STICK doesâ€¦",ShenMofongo
Tue May 07 16:31:32 +0000 2024,0,"RT @johnjohanas: So this is how it endsâ€¦

Unfortunately I donâ€™t quite have the wordsâ€¦

But at least thank you to everyone who supported us.",ShenMofongo
Tue May 07 15:53:28 +0000 2024,0,"RT @SynthPotato: Man these studio shut downs are messed up, genuinely afraid for the future of all the other Xbox studios that aren't puttiâ€¦",ShenMofongo
Tue May 07 15:06:23 +0000 2024,0,What happened you damn corpo?,ShenMofongo
Tue May 07 15:03:55 +0000 2024,0,"RT @NASAEarth: Jaguars and tigers and elephants, oh my! ğŸ…ğŸ˜

@nasa satellites are helping protect tigers, jaguars, elephants, and other specâ€¦",ShenMofongo
Tue May 07 14:54:47 +0000 2024,0,"RT @DBakaba: This is absolutely terrible. Permission to be human : to any executive reading this, friendly reminder that video games are anâ€¦",ShenMofongo
Tue May 07 14:39:42 +0000 2024,0,RT @BoyanSlat: Decent start of the year @TheOceanCleanup! https://t.co/DV59q9A2rp,ShenMofongo
Tue May 07 14:39:29 +0000 2024,0,"RT @wideofthepost: â€œAll schools in Gaza have been closed for 625,000 students for 6 monthsâ€¦ 261 teachers have been killed in the Gaza Stripâ€¦",ShenMofongo
Tue May 07 14:05:07 +0000 2024,0,RT @MuhammadSmiry: RAFAH TODAY! https://t.co/EItzha6dza,ShenMofongo
Tue May 07 13:49:20 +0000 2024,0,There was much potential in Tango Gameworks for future gens. They were coming up with some of the best games in your stable and the reason why they didn't pop is because the Xbox brand is tainted. Y'all really didn't think this through and I'm seriously disappointed. @XboxP3,ShenMofongo
Tue May 07 13:42:09 +0000 2024,1,This is such bullshit,ShenMofongo
Tue May 07 13:29:34 +0000 2024,0,RT @DrEricDing: 9) So in order for #H5N1 avian influenza to fully become a human to human efficient adapted virusâ€¦ there are still many addâ€¦,ShenMofongo
Tue May 07 04:35:12 +0000 2024,0,RT @macklemore: HINDâ€™S HALL. Once itâ€™s up on streaming all proceeds to UNRWA. https://t.co/QqZEKmzwZI,ShenMofongo
Tue May 07 04:34:59 +0000 2024,0,RT @tmorello: Honestly @macklemoreâ€™s â€œHindâ€™s Hallâ€ is the most Rage Against The Machine song since Rage Against The Machine.,ShenMofongo
Tue May 07 04:18:35 +0000 2024,0,RT @AJEnglish: World reacts to Israelâ€™s Rafah evacuation order https://t.co/lqsn4S2Y19,ShenMofongo
Tue May 07 03:09:49 +0000 2024,0,RT @MetroBoomin: Wolves defense ğŸ”¥ğŸ”¥ğŸ”¥ğŸ”¥ğŸ”¥ğŸ”’,ShenMofongo
Tue May 07 02:24:27 +0000 2024,0,"RT @GamerPC89: ""Dear our masters, we thought we can treat you as how we treat ponies, but you are different. So please accept our apologiseâ€¦",ShenMofongo
Tue May 07 02:16:53 +0000 2024,0,"RT @ninaturner: The suppression of speech will continue to backfire because the policies being protested are unpopular.

A poll showed 50%â€¦",ShenMofongo
Tue May 07 01:39:27 +0000 2024,0,"RT @HoyPalestina: AHORA: Cientos de israelÃ­es salen a las calles y marchan hacia la sede de Netanyahu en la JerusalÃ©n ocupada, exigiÃ©ndoleâ€¦",ShenMofongo
Tue May 07 00:53:41 +0000 2024,0,"RT @_CharlesPreston: Drake got called white, a pedophile, and then Elon Musk followed him. I'm just naming the order of events.",ShenMofongo
Tue May 07 00:53:26 +0000 2024,0,RT @EmmaTolkin: Lord Yoshii Toranaga has arrived at the #MetGala https://t.co/uyRuEDMd2j,ShenMofongo
Tue May 07 00:53:07 +0000 2024,0,RT @NinjaTheory: Hands up if you've been replaying Hellblade: Senua's Sacrifice in preparation for May 21st? âœ‹ https://t.co/obqYRjIJgn,ShenMofongo
Tue May 07 00:26:34 +0000 2024,0,RT @snackvampire: our ruling class will be remembered by history for sparing no decadence for themselves as their government commits a horrâ€¦,ShenMofongo
Tue May 07 00:21:14 +0000 2024,0,RT @MerruX: Half the crowd joins up with the march again. over 3000 people here now.  the crowd has taken over more than 4 blocks.  They arâ€¦,ShenMofongo
Tue May 07 00:20:56 +0000 2024,0,"RT @InsiderWorld_1: Donâ€™t let #MetGala be a distraction to invade Rafah. 

ALL EYES ON RAFAH!! https://t.co/khHJ19ptXe",ShenMofongo
Mon May 06 23:13:26 +0000 2024,0,"RT @Wario64: Divinity: Original Sin 2 - Definitive Edition is $13.49 on Steam https://t.co/hmjMKFTcgV

Deck verified https://t.co/kZ2oODQVTd",ShenMofongo
Mon May 06 22:37:23 +0000 2024,0,RT @DrEricDing: Very worriedâ€”â€œThe virus may soon develop the ability to transmit from one human to anotherâ€¦ This is of great concern. Earliâ€¦,ShenMofongo
Mon May 06 22:26:47 +0000 2024,0,"RT @afrocosmist: david mattingly cover art for ""harpy high"" by esther friesner, 1991 https://t.co/gsfT2LUBrG",ShenMofongo
Mon May 06 21:58:26 +0000 2024,0,"RT @numetal_moment: ""toxic"" by crazy town (1999) https://t.co/JmxxAYNjE2",ShenMofongo
Mon May 06 20:33:59 +0000 2024,0,RT @QudsNen: BREAKING| Students of 11 High schools across Boston join the MIT student encampment in response to the increasing police repreâ€¦,ShenMofongo
Mon May 06 20:32:31 +0000 2024,0,"RT @ECOWARRIORSS: Baltic herring on the verge of extinction 
Even if climate change did not exist 
Humans are virtually consuming the planeâ€¦",ShenMofongo
Mon May 06 20:25:25 +0000 2024,0,"RT @SupergiantGames: ğŸŒ’HADES II is HERE !!ğŸŒ˜

Experience the bewitching sequel to our god-like rogue-like, now available in Early Access.

ğŸŒœSâ€¦",ShenMofongo
Mon May 06 19:55:18 +0000 2024,0,"RT @WinC_Gaming: Hades 2 early access is now available on Steam and the Epic Games Store. 

DETAILS: https://t.co/MJVnX7Y3Pf

#Hades2 #PCgaâ€¦",ShenMofongo
Mon May 06 16:09:52 +0000 2024,0,RT @NASAUniverse: Teetering on the edge of the event horizon is enough to cause a bit of vertigo. One false step and you could become a blaâ€¦,ShenMofongo
Mon May 06 15:11:01 +0000 2024,0,RT @PGDynes: I've never seen so much white covering the Map of #India and SE #Asia. The white colour indicates temperatures of 45C plus. Thâ€¦,ShenMofongo
Mon May 06 15:08:27 +0000 2024,0,"RT @ScienceAdvances: Stony coral tissue loss disease has severely impacted Caribbean coral reefs. 
 
A new study assesses coral reef communâ€¦",ShenMofongo
Mon May 06 14:34:27 +0000 2024,0,"RT @AJEnglish: In the past week, massive floods in Brazilâ€™s southern Rio Grande do Sul state have killed at least 75 people, with 103 reporâ€¦",ShenMofongo
Mon May 06 14:20:40 +0000 2024,0,RT @Helldiversmedia: I swear I never see a community that is able to flip a game review score from positive to negative to positive in justâ€¦,ShenMofongo
Mon May 06 13:37:10 +0000 2024,0,"RT @Resist_05: The IDF just dropped leaflets over Rafah which holds nearly one million displaced childrenâ€¦ 

We all know this will be an abâ€¦",ShenMofongo
Sun Mar 17 15:48:04 +0000 2024,0,RT @TexanGhost: Please retweet the hell out of this - letâ€™s do this!! ğŸ‡¬ğŸ‡§ğŸ‡¬ğŸ‡§ğŸ‡¬ğŸ‡§ğŸ‡¬ğŸ‡§ğŸ‡¬ğŸ‡§ğŸ‡¬ğŸ‡§ğŸ‡¬ğŸ‡§ğŸ‡¬ğŸ‡§ğŸ‡¬ğŸ‡§ğŸ‡¬ğŸ‡§ğŸ‡¬ğŸ‡§ğŸ‡¬ğŸ‡§ğŸ‡¬ğŸ‡§ğŸ‡¬ğŸ‡§ğŸ‡¬ğŸ‡§ğŸ‡¬ğŸ‡§ https://t.co/BOxtayqE4b,JenniferSalt4
Thu Mar 14 20:51:16 +0000 2024,0,RT @ClaireH38655873: What is the point of this man?,JenniferSalt4
Tue Mar 05 21:57:40 +0000 2024,0,RT @TryingTraveller: https://t.co/Kglj3voNHq,JenniferSalt4
Sun Feb 25 16:28:30 +0000 2024,0,"RT @benonwine: Sadiq Khan and Mark Rowley should resign.
They've lost control of London.

Retweet if you Agree https://t.co/LBVX2Kxj9K",JenniferSalt4
Wed Feb 14 22:51:41 +0000 2024,0,RT @WendtheWalker: Absolutely! For lots of reasons! https://t.co/ovrZysmyCk,JenniferSalt4
Wed Feb 14 03:13:26 +0000 2024,0,RT @KissKissBBang: Someone please tell me why this man is on the television or why heâ€™s still relevant after the irreparable shit heâ€™s causâ€¦,JenniferSalt4
Sun Feb 04 13:38:47 +0000 2024,0,RT @benonwine: Give me a Thumbs Up ğŸ‘ and Retweet If you think Tony Blair should have is Knighthood removed. https://t.co/6wjY1aWS3G,JenniferSalt4
Sun Jan 28 22:25:09 +0000 2024,0,"RT @benonwine: Would Penny Mordaunt make a Good PM and save the Conservative Party?

Yes or No",JenniferSalt4
Fri Jan 12 03:21:02 +0000 2024,0,"RT @rec777777: So @Keir_Starmer ignored the #PostOfficeScandal , grooming gangs and let off Savile, but supported BLM

Got it

#NeverLabourâ€¦",JenniferSalt4
Tue Jan 09 21:22:36 +0000 2024,0,"RT @TheFox89688362: Worst Mayor ever?

https://t.co/rTJOWhXLiY",JenniferSalt4
Sat Jan 06 17:55:25 +0000 2024,0,RT @UKAndNIasOne: https://t.co/ctlEODFC25,JenniferSalt4
Thu Dec 14 19:48:52 +0000 2023,0,RT @Jenny_1884: I was born &amp; brought up in the UK as was all my family. So why are we being expected to change our lives to fit in with othâ€¦,JenniferSalt4
Sun Dec 10 23:11:27 +0000 2023,0,RT @benonwine: Retweet if You Agree this Charlatan should Resign ğŸ‘‡ https://t.co/VcSLpM99M5,JenniferSalt4
Sun Dec 10 18:28:01 +0000 2023,0,RT @theblade113: CLIMATE CHANGE MY ARSE ! This is Ed Milliband the shadow secretary of state for hypocrisy and climate change leaving an Emâ€¦,JenniferSalt4
Fri Dec 01 21:56:13 +0000 2023,0,"RT @IngrameThomas: Share this everywhere , the world needs to see this ğŸ‘‡",JenniferSalt4
Fri Dec 01 20:16:17 +0000 2023,0,RT @benonwine: Repost if you Agree? https://t.co/SekecVDKBR,JenniferSalt4
Wed Nov 29 17:25:32 +0000 2023,0,"RT @CherryPie_Llama: How worried are you about the UK?
Are you troubled about what our country will have to offer in the future for our chiâ€¦",JenniferSalt4
Wed Nov 29 17:14:20 +0000 2023,0,RT @FlowersEnglish: BUT WILL THEY DO IT?,JenniferSalt4
Sat Nov 18 23:18:03 +0000 2023,0,RT @Mexico1978R: https://t.co/5fIdufP3F0,JenniferSalt4
Mon Nov 13 13:41:14 +0000 2023,0,RT @benonwine: Who AGREES Suella Braverman was the Best Home Secretary we have had in years. ğŸ™‹â€â™‚ï¸ ğŸ‡¬ğŸ‡§â¤ï¸ğŸ‘Œ https://t.co/SVoRbNnPWX,JenniferSalt4
Sat Oct 14 17:32:05 +0000 2023,0,RT @Mexico1978R: https://t.co/3phLPHTgm0,JenniferSalt4
Sat Oct 14 16:27:10 +0000 2023,0,RT @benonwine: If you LOVE this Flag  ğŸ´ó §ó ¢ó ¥ó ®ó §ó ¿ please Retweet and give a thumbs up. ğŸ‘â¤ï¸ https://t.co/WZujH7ZaM5,JenniferSalt4
Sat Oct 14 08:18:00 +0000 2023,0,"RT @ArchRose90: A now deleted tweet from Deji Davies who is the Chair of the FAâ€™s â€œInclusionâ€(lol) Advisory Board. 

He would have been invâ€¦",JenniferSalt4
Mon Oct 09 08:19:56 +0000 2023,0,RT @andie1105: Someone has analysed this and said itâ€™s not AI and itâ€™s definitely his voice. You can hear lots of people in the backgroundâ€¦,JenniferSalt4
Sun Oct 01 00:00:32 +0000 2023,0,RT @benonwine: Repost if you think this man should Resign? https://t.co/LhIDNQhwRO,JenniferSalt4
Sun Oct 01 00:00:13 +0000 2023,0,RT @Mexico1978R: https://t.co/OmCQ841q74,JenniferSalt4
Sat Aug 26 07:19:24 +0000 2023,0,"RT @NHSMillion: The lack of available NHS dentists in this country should be a national scandal.

Please RT if you agree.",JenniferSalt4
Wed Aug 23 16:23:17 +0000 2023,0,"Could some MP of any party please answer my question - is Khan the Mayor of London - the most untouchable, influential man in England.  Can he do anything he wants and no one, not even our PM can stop him ??  Should any one person have this authority??",JenniferSalt4
Thu Jul 27 18:41:48 +0000 2023,0,RT @TiceRichard: Wonder why this is not in mainstream media?,JenniferSalt4
Mon Jul 24 14:32:19 +0000 2023,0,Migrants should be put on a remote Scottish Island whilst the government decide what to do with them  - house them away from residents until it is decided what or where to put or do with them - it is not our fault what's happening - it is the government's,JenniferSalt4
Sat Jul 15 19:41:35 +0000 2023,0,RT @sophielouisecc: https://t.co/NiZOOwN7wL,JenniferSalt4
Tue May 23 11:39:02 +0000 2023,0,Angela Raynor and the Labour Party are making this country a bloody  laughing stock - for God and sanities sake - drop it - The Home Secretary  did nothing wrong,JenniferSalt4
Fri May 19 19:08:18 +0000 2023,0,Watching Question of Sport - what a bloody turn off - Paddy McGuinness  - what a scruffy looking individual he is  - terrible,JenniferSalt4
Mon May 08 13:24:27 +0000 2023,0,RT @Mexico1978R: https://t.co/vahBjU9rHr,JenniferSalt4
Sat May 06 19:12:52 +0000 2023,0,RT @Mexico1978R: https://t.co/bOkVWy2eOZ,JenniferSalt4
Sat May 06 16:32:59 +0000 2023,0,RT @liam345: RT if you would like to see @Nigel_Farage back in politics https://t.co/SRaCs7k2G2,JenniferSalt4
Sat May 06 11:25:31 +0000 2023,1,Penny Mordant is a wonderful ambassador,JenniferSalt4
Sun Apr 30 19:33:51 +0000 2023,0,"RT @TheWakeninq: Watch the uk police escort Antifa/LGBTQ to peaceful WOMEN attending #LetWomenSpeak in Hyde Park,  Speakers Corner. Read thâ€¦",JenniferSalt4
Sat Apr 29 21:52:30 +0000 2023,0,"RT @EssexPR: Sadiq Khan risks two parking tickets as his two 5.0 litre Range Rovers stay on yellow linesâ€¦

The same man that goes in aboutâ€¦",JenniferSalt4
Sat Apr 29 19:36:24 +0000 2023,0,"RT @SteveSheasby: Well well well, GRAY the Investigator being investigated for NOT following the rules, oh what a tangled web you weave -â€¦",JenniferSalt4
Tue May 07 17:21:03 +0000 2024,1,TIL that humans will outlive the sun and circumvent the heat death of the universe,CRBernard
Tue May 07 16:26:15 +0000 2024,3,"much like SpaceX's rockets, HUMVs are ""sustainable""",CRBernard
Tue May 07 15:47:38 +0000 2024,12,the Elon Fan Club wants me to argue about SpaceX saving humanity,CRBernard
Tue May 07 15:11:07 +0000 2024,11,I have literally never heard someone say that we have infinite resources because meteorites,CRBernard
Tue May 07 05:19:18 +0000 2024,0,RT @ThisIsJus: Partyarchs on twitter will be like â€œHa! You believe in anarchism? That pales in comparison to my strategy: persuading Donaldâ€¦,CRBernard
Tue May 07 03:18:09 +0000 2024,31,enjoy with my compliments,CRBernard
Mon May 06 23:11:16 +0000 2024,0,"RT @IdiotRose19562: Chat, are women bourgeois?",CRBernard
Mon May 06 22:50:51 +0000 2024,0,RT @HarpsLmao: Oh hell no https://t.co/4bakx1cKLT,CRBernard
Mon May 06 22:12:50 +0000 2024,27,"it's time once again for my recurring feature ""Which Is Shittier: AI Art Propaganda by Fascists or AI Art Propaganda by Communists"" - MORMON EDITION!",CRBernard
Mon May 06 22:01:11 +0000 2024,25,maybe don't tweet your generic viagra subscription cancellation,CRBernard
Mon May 06 21:00:25 +0000 2024,0,RT @CrustPunk161: She was right. I've been stuck to the refrigerator since i got my second booster,CRBernard
Mon May 06 17:51:13 +0000 2024,0,RT @lolnochillwavve: Everyone's focused on Kendrick x Drake yall are missing the greatest fued of all time,CRBernard
Mon May 06 16:35:57 +0000 2024,0,"RT @LeftOnRed161: ""We're not ETHNOnationalists, we're just nationalists who prefer people look and act like us. 

Anyway, here's a nazi refâ€¦",CRBernard
Mon May 06 16:18:17 +0000 2024,0,RT @thedarkprowler: awesome text to get from a coworker i met last wednesday https://t.co/TjgrpoTjYi,CRBernard
Mon May 06 15:32:14 +0000 2024,0,"""One of the more intriguing questions in the FAQ section of the Trump bible website asks: 'What if my Bible has sticky pages?'"" https://t.co/o9vbvNGSfa",CRBernard
Mon May 06 15:21:41 +0000 2024,0,"RT @aureliawelde: â€œHave you actually read the commandments? It doesnâ€™t make women property!â€

Girl, have you read the commandments? https:/â€¦",CRBernard
Mon May 06 15:04:53 +0000 2024,16,"""let's turn carnivores into herbivores because the amoral, suffering-fueled nightmare of Nature can somehow be circumvented"" is my new favorite cult",CRBernard
Mon May 06 14:59:06 +0000 2024,0,RT @shrugdeaIer: Thereâ€™s a reason that a lot of anarchists donâ€™t have an answer for how an anarchist society would work and thatâ€™s becauseâ€¦,CRBernard
Mon May 06 14:56:37 +0000 2024,10,"""most modern 'conservatives' are moderates""",CRBernard
Mon May 06 14:17:14 +0000 2024,0,"RT @WanMonCast: Wed. 5/8 at 8:30 PM CDT, join us for the triumphant (?) conclusion of our Old School Essentials (https://t.co/VpN1hE41HQ) câ€¦",CRBernard
Sun May 05 23:41:38 +0000 2024,11,...and it already hates its hometown,CRBernard
Sun May 05 23:36:51 +0000 2024,0,RT @BanditAnarch161: NYPD found anarchist zines at NYU and theyâ€™re trying to claim that itâ€™s proof of outside funding/coordination ğŸ’€,CRBernard
Sun May 05 19:19:23 +0000 2024,0,"RT @JenLRossman: Is important for you to know that I briefly forgot the name Poseidon so the instant I saw this guy, my brain went ""wet Zeuâ€¦",CRBernard
Sun May 05 16:17:01 +0000 2024,0,RT @specifism: Hinkle's brand of fascism is the most disturbing form of fascist syncretism. Our collective inability to expose and containâ€¦,CRBernard
Sun May 05 15:31:15 +0000 2024,73,jesus h christ https://t.co/BG6MFn2f7p,CRBernard
Sun May 05 04:33:56 +0000 2024,15,"why didn't someone strap me down Ludovico-technique-style and force me to watch Carnival of Souls (1962) before now

HOW DID I NOT KNOW IT TAKES PLACE IN AND WAS FILMED IN UTAH",CRBernard
Sun May 05 04:38:18 +0000 2024,4,@shrugdeaIer have you seen it? from what I gather it was a big influence on David Lynch (I can tell from watching it),CRBernard
Sat May 04 18:45:37 +0000 2024,0,"RT @equalityAlec: THREAD.  Last night, the White House quietly sent out a press release notifying reporters that Biden would be seeking $37â€¦",CRBernard
Sat May 04 18:41:07 +0000 2024,9,"old media hack doesn't understand counter-tactics against new media manipulation and propaganda techniques, film at 11 and paper tomorrow morning",CRBernard
Sat May 04 17:22:02 +0000 2024,0,RT @CrustPunk161: Get ready for a wave of copaganda bullshit you could only imagine up to this point.,CRBernard
Sat May 04 17:05:09 +0000 2024,0,RT @03Fishley: some guy was bothering me in work at a pizza place so i carved his stupid fucking roblox avatar into a parsnip so my fish coâ€¦,CRBernard
Sat May 04 16:57:56 +0000 2024,0,"RT @A_Skoteinos: Without a doubt, the single worst moment in his entire career, and it's not specifically because of how bad Joe Biden is Iâ€¦",CRBernard
Sat May 04 06:15:39 +0000 2024,5,"quick writing updates! my short story ""All Aboard"" will be in issue 8 of literary magazine Spoon Knife late this month (link soon). I also have a flash fiction piece, ""The Secrets of Romantic Magic,"" coming out in an anthology chapbook (month to be determined) (1/3)",CRBernard
Tue May 07 15:21:36 +0000 2024,0,"It is always good to pause and reflect on this.  Some days our lists may be longer/shorter than others, but usually there is always something that makes us smile.",BenefitsWSU
Tue May 07 15:00:44 +0000 2024,0,RT @actionhappiness: Meaningful May - Day 7: Make a list of what matters most to you and why https://t.co/QObG6cjVZu #MeaningfulMay https:/â€¦,BenefitsWSU
Tue May 07 14:39:49 +0000 2024,0,Be sure to check this out and the other great resources for mental health and work/life balance on the EAP site!,BenefitsWSU
Mon May 06 15:01:32 +0000 2024,0,RT @NAMICommunicate: Looking for ways to soothe your anxiety? Try one of these tips! https://t.co/wxf89Yf1YC,BenefitsWSU
Sat May 04 00:14:56 +0000 2024,4,Thanks Elizabeth.  And our employees have access to mental health resources through our EAP program and Benefits packages.  Everyone can watch #Wellcoug for more postings throughout the month!,BenefitsWSU
Thu May 02 19:34:50 +0000 2024,0,"RT @WSU_WellCoug: Hello Coug Faculty and Staff -- Have you heard of ""Perks at Work"" through the EAP program?  They have some ideas for giftâ€¦",BenefitsWSU
Thu May 02 19:13:19 +0000 2024,2,"Thank you for sharing these.  We all have these days, some more than others, and it is really helpful to see how we can let others know.",BenefitsWSU
Thu May 02 19:12:21 +0000 2024,0,"RT @MentalHealthAm: Things to say when youâ€™re not â€œfineâ€:

â˜ï¸ Iâ€™m actually going through some stuff.
â˜ï¸ Itâ€™s been one of those days.
â˜ï¸ Iâ€™mâ€¦",BenefitsWSU
Thu May 02 18:58:02 +0000 2024,2,"A focused day for Older Adults as part of Mental Health Awareness month.  If you or a loved one may fall into an ""Older Adult"" categoryğŸ™‚, check out these resources!",BenefitsWSU
Thu May 02 00:24:44 +0000 2024,0,"RT @mentalhealth: This year is our 24th #MentalHealthAwarenessWeek! ğŸ‰

We started the awareness week in 2001 as a vital part of our work -â€¦",BenefitsWSU
Wed May 01 22:03:43 +0000 2024,4,So grateful for all the resources being provided for Mental Health month!  Doing what I can to pass them onto you!,BenefitsWSU
Wed May 01 22:03:08 +0000 2024,0,"RT @WA_Health_Care: While society is getting more comfortable discussing mental health, it can still be hard to know #WhereToStart when itâ€¦",BenefitsWSU
Wed May 01 22:02:22 +0000 2024,0,RT @NAMICommunicate: It's our favorite month of the year! Join us this #MentalHealthAwarenessMonth by agreeing to #TakeTheMoment to prioritâ€¦,BenefitsWSU
Wed May 01 16:02:56 +0000 2024,0,"RT @CareersWSU: For anyone struggling with the pressure of today's world, feeling alone, or wondering if they can feel better, you may wondâ€¦",BenefitsWSU
Tue Apr 30 14:24:56 +0000 2024,2,There's still time to register to attend tomorrow's Social Security Presentation for WSU employees!,BenefitsWSU
Sun Apr 28 15:23:38 +0000 2024,0,Fellow WSU Employees - EAP Counselors are available to talk with confidentially about alcohol usage.  Contact them if you need help or have questions.  https://t.co/xAJaWiD0Wb,BenefitsWSU
Fri Apr 26 21:18:01 +0000 2024,0,"RT @samhsagov: This #AlcoholAwarenessMonth, practitioners can learn free &amp; comprehensive ways to screen, diagnose &amp; treat alcohol use disorâ€¦",BenefitsWSU
Fri Apr 26 18:46:10 +0000 2024,0,"RT @samhsagov: Can you tell the difference between a mental health myth and fact?

Learn the truth about the most common mental health mythâ€¦",BenefitsWSU
Thu Apr 25 19:07:51 +0000 2024,0,"RT @samhsagov: April is National #MinorityHealthMonth
If you or someone you know is struggling with mental health or substance use, help isâ€¦",BenefitsWSU
Thu Apr 25 19:07:18 +0000 2024,4,"Good to know!  Learn more of Alcohol Awareness if needed for you or a loved one, AND earn points towards your wellness incentive!",BenefitsWSU
Wed Apr 24 18:42:34 +0000 2024,3,"Social Security Presentation â€“ 05/01/2024 - 11:30-1:00 WSU HRS Benefits is hosting a presentation on Social Security 101 â€“ Everything You Wanted to Know.  To register to attend, visit https://t.co/6750YBUddy, where the Zoom link will be provided. https://t.co/jhPGrVjKs2",BenefitsWSU
Wed Apr 24 17:43:55 +0000 2024,0,"RT @samhsagov: The life choices you make can affect your physical health, #MentalHealth &amp; overall well-being.

Incorporate dimensions of weâ€¦",BenefitsWSU
Tue Apr 23 16:59:32 +0000 2024,0,RT @WSU_WellCoug: WellCoug encourages you to join the movement!,BenefitsWSU
Tue Apr 23 14:16:10 +0000 2024,0,RT @WA_Health_Care: Just a couple days left to join the Washington Moves event and earn 200 SmartHealth points. Watch this video message frâ€¦,BenefitsWSU
Mon Apr 22 17:26:37 +0000 2024,0,RT @NWSSpokane: We live in a beautiful area. Happy Earth Day!! ğŸŒ https://t.co/UviAS7QdRG,BenefitsWSU
Mon Apr 22 17:25:42 +0000 2024,2,Looks like a really fun group of people to be with!  Hope you all have a wonderful and fruitful time!  I know some of you are also presenting -- break a leg!!   Shout out to my WSU buddies.,BenefitsWSU
Mon Apr 22 16:02:44 +0000 2024,0,Good reminders!  Thanks.,BenefitsWSU
Mon Apr 22 15:29:31 +0000 2024,0,Oh man.  I have been there!,BenefitsWSU
Mon Apr 22 15:28:23 +0000 2024,0,"RT @WSU_WellCoug: Take time today (and always) to remember to appreciate and take care of our planet!  Go out and enjoy some fresh air, sunâ€¦",BenefitsWSU
Sat Apr 20 16:33:28 +0000 2024,0,Great resource/benefit offered by HCA which I am sure can help a lot of families!,BenefitsWSU
Fri Apr 19 21:43:48 +0000 2024,0,"RT @WSU_WellCoug: As we head into the weekend, perhaps you are looking for a way to help you address your stress, as part of Stress Awareneâ€¦",BenefitsWSU
Fri Apr 19 20:58:38 +0000 2024,0,"RT @samhsagov: Having a mental health condition can disrupt relationships, make it hard to work &amp; more. With support &amp; treatment itâ€™s possiâ€¦",BenefitsWSU
Thu Apr 18 15:47:51 +0000 2024,1,I am looking forward to meeting with WSU Spokane employees today for 1|1 meetings and a Wellness presentation at 3:00!  Other HRS interactions and presentations are occurring while we are on campus to attend a portion of the Regents meeting. https://t.co/1x6aQfuYbK https://t.co/WByeadtVyM,BenefitsWSU
Wed Apr 17 23:09:59 +0000 2024,2,So glad to have been able to attend Jenn's presentations and work with her today.  All the Cougs who attended and interacted was great!  @WSU_WellCoug,BenefitsWSU
Wed Apr 17 20:13:06 +0000 2024,0,"RT @CareersWSU: What do you know about our employee assistance program? The state EAP offers vast support to all of WSU, from counseling seâ€¦",BenefitsWSU
Tue Apr 16 17:50:18 +0000 2024,0,"Employee Assistance Program hosts special sessions, April 17 https://t.co/4ja9ExbTat",BenefitsWSU
Tue Apr 16 17:23:51 +0000 2024,2,"Social Security Presentation â€“ 05/01/2024 - 11:30-1:00
WSU HRS Benefits is hosting a presentation on Social Security 101 â€“ Everything You Wanted to Know. 
To register to attend, visit https://t.co/6750YBUddy, where the Zoom link will be provided. https://t.co/4JCqNcdc0X",BenefitsWSU
Mon Apr 15 17:18:45 +0000 2024,2,"Join the movement Cougs!  I hear you can count walking, jogging, dancing chair aerobics, swimming -- just about anything!",BenefitsWSU
Mon Apr 15 17:17:39 +0000 2024,0,RT @WSU_WellCoug: Join the SmartHealth WA Moves event - 4/15 - 4/26.  Any type of movement that gets your heart beating counts!   Eligibleâ€¦,BenefitsWSU
Fri Apr 12 20:17:36 +0000 2024,0,RT @samhsagov: Prevention works. Get the tools and resources to help start the conversations with youth about the importance of alcohol avoâ€¦,BenefitsWSU
Tue May 07 17:09:58 +0000 2024,0,RT @bippidee: @medeabenjamin He really is a soulless appalling man. I wouldn't even give him the opportunity to spew his racist hatred. Butâ€¦,AdedePaor
Tue May 07 17:09:44 +0000 2024,0,RT @sabzitoun: @medeabenjamin https://t.co/zQvSqBYApy,AdedePaor
Tue May 07 17:08:39 +0000 2024,0,"RT @medeabenjamin: â€œI think Israel should go in there &amp; kick the sh*t out of them just absolutely destroy them, their infrastructure, levelâ€¦",AdedePaor
Tue May 07 17:06:52 +0000 2024,0,"RT @QudsNen: Breaking | Gaza Government Media Office report to Al-Araby:
â­•ï¸Israeli occupation forces have targeted the sole government hospâ€¦",AdedePaor
Tue May 07 16:34:21 +0000 2024,0,"RT @BelfastBre: To anyone who can offer peaceful, controlled support and solidarity, please go to Queens University. 
@helencrickard @cailiâ€¦",AdedePaor
Tue May 07 16:33:57 +0000 2024,0,RT @GalgosdelSol: Itâ€™s hard to imagine being an unloved dog in such a cruel world. Luckily for Fluffers sheâ€™s a loved dog now â¤ï¸ https://t.â€¦,AdedePaor
Tue May 07 16:33:09 +0000 2024,0,RT @EyeonPalestine: Abu Youssef Al-Najjar Hospital in Rafah is now out of service. https://t.co/Ut7cfRHaTT,AdedePaor
Tue May 07 16:31:23 +0000 2024,0,RT @TamimBarghouti: Ø¨Ø¯ÙˆÙ† Ù…Ù†Ø§Ø³Ø¨Ø©ØŒ ÙˆØ¹Ù„Ù‰ Ø§Ù„Ø±ØºÙ… Ù…Ù† Ø§Ù„ÙˆØ³Ø§Ø·Ø©ØŒ ÙˆØ¹Ù„Ù‰ Ø§Ù„Ø±ØºÙ… Ù…Ù…Ø§ ÙŠÙ‚ÙˆÙ„Ù‡ Ø§Ù„Ø¨Ø¹Ø¶ Ø¹Ù„Ù‰ Ø§Ù„Ø´Ø§Ø´Ø§Øª..ÙŠØ³Ù‚Ø· Ø¹Ø¨Ø¯ Ø§Ù„ÙØªØ§Ø­ Ø§Ù„Ø³ÙŠØ³ÙŠØŒ Ù…ØµØ± Ø§Ù„ØªÙŠ ÙˆÙ„Ø¯ØªÙ†ÙŠ ÙˆØ±Ø¨â€¦,AdedePaor
Tue May 07 16:29:50 +0000 2024,0,â€œWarplanes targeted a house for the Rayan family near Abu Amra supermarket in the Nuseirat camp in the central Gaza Stripâ€,AdedePaor
Tue May 07 16:15:39 +0000 2024,0,"RT @ChuckModi1: You know what's wild? #1 elitist TV criticism of ""Occupy Wall Street"" was the demands were ""too vague"" (which I defend). Toâ€¦",AdedePaor
Tue May 07 16:14:31 +0000 2024,0,RT @Katsikajules: Cutting off water &amp; aid was never an intention to get the hostages back - how could it be? All it could do was harm civilâ€¦,AdedePaor
Tue May 07 16:11:25 +0000 2024,0,RT @EyeonPalestine: If you happen to be in London visit UCL or SOAS university and their encampments that are in solidarity with Palestineâ€¦,AdedePaor
Tue May 07 16:10:54 +0000 2024,0,RT @kennardmatt: This is Zionism.,AdedePaor
Tue May 07 16:03:31 +0000 2024,0,RT @azaizamotaz9: https://t.co/GNtNvdtFif,AdedePaor
Tue May 07 16:03:29 +0000 2024,0,"RT @DALLOULALNEDER: No words ğŸ’”
Rafah right now https://t.co/AYVYbs5Gr5",AdedePaor
Tue May 07 15:50:20 +0000 2024,0,"RT @JacobMagid: Israel's repeated refusal to send a negotiating team to meet with mediators has hampered efforts to secure a hostage deal,â€¦",AdedePaor
Tue May 07 15:32:34 +0000 2024,0,RT @EyeonPalestine: Pro Palestine students and staff from the University of Amsterdam forced police to retreat after they attacked their enâ€¦,AdedePaor
Tue May 07 15:30:20 +0000 2024,0,"RT @NaksBilal: Do not look away.

Extremely difficult scene from Rafah today.

Children have been the main target of the IDF, and this is hâ€¦",AdedePaor
Tue May 07 14:56:57 +0000 2024,0,RT @EyeonPalestine: The Israeli occupation is forcing another mass displacement in Rafah. https://t.co/JpWtwZaq4h,AdedePaor
Tue May 07 14:56:52 +0000 2024,0,RT @EyeonPalestine: Israel drops the Internationally banned phosphorus on Rafah. https://t.co/TiozATO5qi,AdedePaor
Tue May 07 14:13:38 +0000 2024,0,"RT @ecomarxi: â€œWhat are you willing to risk?
What are you willing to give?
What if you were in Gaza?
What if those were your kids?â€

@macklâ€¦",AdedePaor
Tue May 07 14:13:24 +0000 2024,0,"RT @ireallyhateyou: After blocking aid trucks last night, this morning Israeli pro-genocide protesters block the Erez Crossing, in order toâ€¦",AdedePaor
Tue May 07 14:11:40 +0000 2024,0,RT @QudsNen: Breaking | Israeli occupation forces have ordered Abu Yousef al-Najjar hospital to evacuate. https://t.co/xohtKEHIYK,AdedePaor
Tue May 07 14:11:27 +0000 2024,0,"RT @EsheruKwaku: When weâ€™re done with Palestine, the DRC is next in-line.",AdedePaor
Tue May 07 14:06:31 +0000 2024,0,"RT @EyeonPalestine: Palestinian children under the rubble of their home which was bombed by the occupation forces in Rafah.

Ø£Ø·ÙØ§Ù„ ØªØ­Øª Ø±ÙƒØ§Ù…â€¦",AdedePaor
Tue May 07 13:56:33 +0000 2024,0,"RT @QudsNen: BREAKING | The Palestinian Prisoner Society remarks the following: 

â­• Yesterday evening, the Israeli occupation army committeâ€¦",AdedePaor
Tue May 07 13:56:07 +0000 2024,0,RT @Doylech: Has @David_Cameron disappeared off the face of the earth? Yet to hear any comment from the Foreign Secretary on the major inteâ€¦,AdedePaor
Tue May 07 13:53:17 +0000 2024,0,"RT @EyeonPalestine: Palestinian children under the rubble of their home which was bombed by the occupation forces in Rafah.

Ø£Ø·ÙØ§Ù„ ØªØ­Øª Ø±ÙƒØ§Ù…â€¦",AdedePaor
Tue May 07 13:53:07 +0000 2024,0,RT @EyeonPalestine: Injuries arrive to the Kuwaiti hospital following an Israeli air strike that bombed a home in the Brazilian neighborhooâ€¦,AdedePaor
Tue May 07 13:52:32 +0000 2024,0,"RT @AliAbunimah: In MalmÃ¶, Sweden, authorities are preparing for street celebrations of the @Eurovision Genocide Contest, so local residentâ€¦",AdedePaor
Tue May 07 13:51:42 +0000 2024,0,"RT @TorahJudaism: Jews, Muslims and Christians in brotherhood -

The speaker was Rabbi Dovid Feldman.

Jews, Muslims and Christians come toâ€¦",AdedePaor
Tue May 07 13:50:08 +0000 2024,0,"RT @swilkinsonbc: America, Egypt &amp; Jordan in talks to receive annual payments by the US to assimilate Palestinian refugees in their countriâ€¦",AdedePaor
Tue May 07 13:46:20 +0000 2024,0,"RT @MiddleEastEye: â€œHe was born in war and he died in war""

Hani Mahmoud Qishta was born by caesarean when a bomb critically wounded his moâ€¦",AdedePaor
Tue May 07 13:45:31 +0000 2024,0,"RT @SaulStaniforth: ""Absolutely devastating""

This morning the IDF have seized the Palestinian side of the Rafah crossing, and Sam Rose froâ€¦",AdedePaor
Tue May 07 13:44:38 +0000 2024,0,"RT @OmarHamadD: It has been 211 days since my friend Emad's body, still under the rubble, every time we try to go to his house to retrieveâ€¦",AdedePaor
Tue May 07 13:44:12 +0000 2024,0,"RT @HossamShabat: ""Ø§Ù„Ù…Ø´Ø±ÙˆØ¹ Ø§Ù„Ø£ÙƒØ¨Ø± ÙÙŠ Ø´Ù…Ø§Ù„ ØºØ²Ø©  1000 ÙƒÙŠØ³ Ø·Ø­ÙŠÙ† Ù…ÙˆØ²Ø¹ Ø¹Ù„Ù‰ Ø§Ù„Ù†Ø§Ø²Ø­ÙŠÙ† ÙÙŠ Ù…Ø±Ø§ÙƒØ² Ø§Ù„Ø§ÙŠÙˆØ§Ø¡ Ø¨ØªØ¨Ø±Ø¹ ÙƒØ±ÙŠÙ… Ù…Ù† ÙØ±ÙŠÙ‚ Ø§Ù„Ø¬Ø³Ø¯ Ø§Ù„ÙˆØ§Ø­Ø¯""ØŒ
Today, myâ€¦",AdedePaor
Tue May 07 13:23:35 +0000 2024,0,RT @telesurenglish: Brazil strongly condemned the bombing carried out by Israeli occupation forces against the city of Rafah in the southerâ€¦,AdedePaor
Tue May 07 13:22:29 +0000 2024,0,"RT @DoubleDownNews: Israel bombs Rafah, home to 1.7 million displaced people, majority children.

Israel is a blood thirsty out of controlâ€¦",AdedePaor
Tue May 07 13:20:18 +0000 2024,0,"RT @Resist_05: This is the aid America has sent to Israel, to aid the genocide of Palestine, to blow up children in Rafahâ€¦ğŸ‡µğŸ‡¸ğŸ’” https://t.co/â€¦",AdedePaor
Tue May 07 13:20:09 +0000 2024,0,"RT @declassifiedUK: ğŸš¨Students at 14 UK universities have now set up Gaza solidarity encampments, the latest being Oxford, Cambridge, Liverpâ€¦",AdedePaor
Tue May 07 15:24:59 +0000 2024,2,"""HIDE YO STUDIOS! MICROSOFT COMIN'!"" https://t.co/2AyIIA09wk",KiddMarine
Tue May 07 14:56:57 +0000 2024,6,"We all sure forgot about the whole Helldivers PSN account thing in a hurry, didn't we? Next week: Nintendo announces you need to slice off one of your fingers if you wanna pre-order the Switch 2.",KiddMarine
Tue May 07 14:36:00 +0000 2024,1,Tango? Seriously? What a load of bullshit.,KiddMarine
Tue May 07 12:26:25 +0000 2024,0,RT @HandOfSchnoz: Berserk met gala be like https://t.co/N2HJKi0r5V,KiddMarine
Mon May 06 23:17:03 +0000 2024,0,"RT @berserkartvault: In remembrance of Kentaro Miura many of his friends, mangaka, comic artists and some animators drew illustrations of Bâ€¦",KiddMarine
Mon May 06 20:22:05 +0000 2024,1,My new rule is that I'll only allow myself to play video games up until by butt starts going numb. Got a good 4 hours of Persona in today!,KiddMarine
Mon May 06 19:38:56 +0000 2024,0,"RT @CTRecordShop: Win a copy of our Virtua Fighter 2XLP signed by legendary game creator Yu Suzuki! ğŸ‘Š To enter:

1. FollowÂ @CTRecordShop anâ€¦",KiddMarine
Mon May 06 15:45:26 +0000 2024,0,RT @SegaBassFishman: Real-life Shenhua (Hazuki Ishigaki) explores real-life Yokosuka in the Oct99 issue of Dreamcast Magazine https://t.co/â€¦,KiddMarine
Mon May 06 13:39:09 +0000 2024,0,RT @ShenmueContext: #Shenmue https://t.co/6Cmoq9haKC,KiddMarine
Sun May 05 21:30:53 +0000 2024,1,https://t.co/CmjWpPPHkc,KiddMarine
Sun May 05 15:57:38 +0000 2024,0,"RT @BianyuanAkuma: #DevilMayCry5 
MAY 5 https://t.co/PGML4aAPcD",KiddMarine
Sun May 05 12:01:33 +0000 2024,3,Absolutely fascinating article. Give it a read!,KiddMarine
Sat May 04 20:33:05 +0000 2024,0,"Man, Pinterest really gets me. https://t.co/QAxSciddgc",KiddMarine
Sat May 04 20:23:45 +0000 2024,0,RT @MarioEmblem_2: https://t.co/YWex0t3fNW,KiddMarine
Sat May 04 20:22:00 +0000 2024,1,"A trending topic you'll actually want to click on instead of scrolling on by in disgust like normal!
https://t.co/MlT4LLq9X4",KiddMarine
Sat May 04 19:02:05 +0000 2024,1,sweet jesus,KiddMarine
Sat May 04 16:25:48 +0000 2024,0,PROTECT SCHIERKE AT ALL COSTS!!!!,KiddMarine
Sat May 04 14:08:12 +0000 2024,2,https://t.co/17bOBL49jB,KiddMarine
Sat May 04 10:53:46 +0000 2024,20,#LetsGetShenmue4 for more stupid sexy Ren! https://t.co/N3OCYfvsHM,KiddMarine
Fri May 03 18:34:42 +0000 2024,6,"I miss hard-hitting informative games journalism like this, from NGC's review of Super Monkey Ball on the GBA. https://t.co/0ZHMGOxbF1",KiddMarine
Fri May 03 18:32:34 +0000 2024,3,God-tier in every way.,KiddMarine
Fri May 03 15:27:24 +0000 2024,0,RT @MIK_BLAmike: #ValkyriaChronicles https://t.co/8aXRjdtPbZ,KiddMarine
Fri May 03 11:15:44 +0000 2024,5,"Well I absolutely *have* to get the pin and the shirt.

... but someone please talk me out of the expensive jacket.",KiddMarine
Fri May 03 11:22:33 +0000 2024,5,"""Man I'm feeling down. Just a real depression. Everything seems so pointless and hollo- WAIT NEW SHENMUE MERCH???!!!"" https://t.co/biM3mDhokL",KiddMarine
Thu May 02 14:38:00 +0000 2024,3,"People seem mad about this whole LRG CD-R thing, but has anyone seen any actual proof? I'm seeing plenty of claims and anger, but no pictures of the alleged CD-Rs themselves.

Not saying it isn't true, but some random twitter dick isn't exactly a trustworthy source.",KiddMarine
Wed May 01 23:17:06 +0000 2024,3,what the FUCK,KiddMarine
Wed May 01 13:18:51 +0000 2024,0,Long have I prayed for this day.,KiddMarine
Wed May 01 13:01:35 +0000 2024,2,This doesn't seem like a good idea. Is this how the Planet of the Apes got started? https://t.co/jyIVWCKCcB,KiddMarine
Wed May 01 11:03:25 +0000 2024,0,"RT @metahades1889: Akira (1988) Â· Trailer 4K Â· 35mm Scan Â· https://t.co/BBs4luuijm

download: https://t.co/CM5Xe2Xer4

With great happinessâ€¦",KiddMarine
Tue Apr 30 14:28:52 +0000 2024,2,"Square: Taking historic losses.

EinhÃ¤nder: Not on modern systems.

Coincidence?",KiddMarine
Tue Apr 30 13:03:59 +0000 2024,0,RT @SEGA_AM_2: https://t.co/LJSh5ulaQe,KiddMarine
Mon Apr 29 22:04:54 +0000 2024,0,"RT @goegoezzz: ã‚½ãƒ‹ãƒƒã‚¯ãƒ»ã‚¶ãƒ»ãƒ˜ãƒƒã‚¸ãƒ›ãƒƒã‚°ï¼“ï¼ˆMDã€€ 

ã„ã‚ˆã„ã‚ˆç™ºå£²é–“è¿‘ï¼ https://t.co/0yAk1Demac",KiddMarine
Mon Apr 29 17:09:47 +0000 2024,5,"I have a feeling that M2's next project is gonna be DoDonPachi. Which is great and all, but I'd love for it to be Mushihimesama Futari. Or finally bringing Battle Garegga to Switch ğŸ˜­",KiddMarine
Sun Apr 28 21:07:52 +0000 2024,2,A Gainax kart racing game would be amazing.,KiddMarine
Sun Apr 28 19:47:38 +0000 2024,0,RT @SEGA_AM_2: https://t.co/rxrwxCTU5W,KiddMarine
Sun Apr 28 17:32:57 +0000 2024,0,RT @shark_cat8221: å®Œå…¨ä¸€è‡´ https://t.co/Zg4rBYL9Bi,KiddMarine
Sun Apr 28 15:59:33 +0000 2024,0,"RT @Joe_kara2019: ãƒãƒ³ã‚°ã‚ªãƒ³ã‚’ãƒ‡ã‚£ã‚¹ã£ãŸã›ã„ã§ã€ã‚¹ãƒ”ãƒ«ãƒãƒ³ã¾ã§å·»ãæ·»ãˆã«ã€‚ã€‚
#SEGA https://t.co/bFlEGbQ96H",KiddMarine
Tue May 07 17:34:02 +0000 2024,0,"I'm selling Three (3) spares of #BADBUNNY Ticket For MAY 17 Fri @ Kia Center - Orlando, FL
Kindly send a Dm if you're interested #MostWantedTour #Badbunnytickets #BadBunnyMostWantedTour",ySkiloo
Sun May 05 15:45:01 +0000 2024,0,RT @itskrisssi: Yo age donâ€™t make you grown itâ€™s yo mindset and how you move.,ySkiloo
Sun May 05 15:44:56 +0000 2024,0,RT @kashdoll: 1. Never let a nigga fuck u over more than once!!,ySkiloo
Sun May 05 15:44:52 +0000 2024,0,"RT @Whotfismick: This over candy anytime, anyday https://t.co/ocBpkIce3j",ySkiloo
Sun May 05 15:44:48 +0000 2024,0,"RT @itswords_: reassurance is so important to me, let me know what i mean to you.",ySkiloo
Sun May 05 15:44:45 +0000 2024,0,RT @acebenji: GOD IS A WAY MAKER.,ySkiloo
Sun May 05 15:44:40 +0000 2024,0,"RT @aamaxoxo: i buy myself whatever i want, what the fuck is a no?",ySkiloo
Sun May 05 15:44:27 +0000 2024,0,RT @iTorianna: confidence is your biggest tool,ySkiloo
Sun May 05 15:44:18 +0000 2024,0,"RT @Whotfismick: ""i can't go out, i'm busy""

me being busy: https://t.co/ZcahFoN4XV",ySkiloo
Sun May 05 15:44:07 +0000 2024,0,"RT @koi_takleefff: ""Yes, I have had breakfast""

 breakfast: https://t.co/zfvcVBLQ2Z",ySkiloo
Sun May 05 15:44:01 +0000 2024,0,RT @TierraaaMariee: When you happy you really be quiet asf,ySkiloo
Sun May 05 15:43:57 +0000 2024,0,"RT @fineassnayyyy: I fumbled myself, thatâ€™ll never happen again.",ySkiloo
Sun May 05 15:43:51 +0000 2024,0,RT @glowingbeauty_: https://t.co/fcVDwX4Gto,ySkiloo
Sun May 05 15:43:43 +0000 2024,0,RT @Whotfismick: Me disappearing from someone's life as soon as i feel the vibes change https://t.co/2gGV4gIrDz,ySkiloo
Sun May 05 15:43:40 +0000 2024,0,"RT @elektrasfeed: eventually youâ€™ll end up where you need to be, with who youâ€™re meant to be with, and doing what you should be doing.",ySkiloo
Sun May 05 15:43:36 +0000 2024,0,RT @fineassnayyyy: no bitch intimidates me. iâ€™m that.,ySkiloo
Sun May 05 15:43:32 +0000 2024,0,RT @heyhoneyrae: One thing I realized is that everything always ends up working out. Sometimes even better than I imagined.ğŸ¤,ySkiloo
Sun May 05 15:43:25 +0000 2024,0,RT @itsmontyj: Iâ€™m really too raw for someone to be unsure about me.,ySkiloo
Sun May 05 15:43:21 +0000 2024,0,RT @mainbitchclique: I really miss the dead nggas ion like the ones here ğŸ˜­ğŸ’¯ğŸ’¯ğŸ’¯,ySkiloo
Sun May 05 15:43:19 +0000 2024,0,RT @heyhoneyrae: I think it is beautiful when God saves you from something you thought you wanted ğŸ¤,ySkiloo
Sun May 05 15:43:15 +0000 2024,0,RT @_badassiee: Favor &amp; Faith with God &gt;,ySkiloo
Sun May 05 15:43:07 +0000 2024,0,RT @badbunny_global: Bad Bunny vinyl available at his concert merch trucks ğŸ”¥ https://t.co/oPyNcWwIdU,ySkiloo
Sun May 05 15:43:05 +0000 2024,0,RT @badbunny_global: Bad Bunny in San Francisco ğŸŒ‰ https://t.co/zVx0ht8Fvc,ySkiloo
Sun May 05 15:42:59 +0000 2024,0,RT @badbunny_global: Bad Bunny with Boban MarjanoviÄ‡ ğŸ€ https://t.co/GqIaU1QAEL,ySkiloo
Sun May 05 15:42:55 +0000 2024,0,RT @badbunny_global: Â¡Feliz CumpleaÃ±os Benito! ğŸ‰ğŸ¥³ https://t.co/Dh1WwRkPl3,ySkiloo
Sun May 05 15:42:49 +0000 2024,0,RT @badbunny_global: Mr. Benito ğŸ° https://t.co/z9Qjcsonn2,ySkiloo
Sun May 05 15:42:45 +0000 2024,0,RT @badbunny_global: Bad Bunny x Tyla yesterday https://t.co/i7Eyx1Osj3,ySkiloo
Sun May 05 15:42:41 +0000 2024,0,RT @badbunny_global: Bad Bunny is nominated for the WWE Slammy Awards ğŸ† https://t.co/IMjN6T8qHF,ySkiloo
Sun May 05 15:42:38 +0000 2024,0,RT @badbunny_global: Bad Bunny via IG stories ğŸ“¸ https://t.co/ftQM68jNQD,ySkiloo
Sun May 05 15:42:34 +0000 2024,0,RT @badbunny_global: Me if listening to Bad Bunny was illegal https://t.co/AU1TrzWagu,ySkiloo
Sun May 05 15:42:29 +0000 2024,0,RT @badbunny_global: Bad Bunny x NBA ğŸ† https://t.co/aNBsoJs1On,ySkiloo
Sun May 05 15:42:24 +0000 2024,0,RT @badbunny_global: Bad Bunny ğŸ https://t.co/Vsw4Kc6GXe,ySkiloo
Sun May 05 15:42:21 +0000 2024,0,RT @badbunny_global: Bad Bunny at the Clippers vs Mavs game https://t.co/lZYQI9rGe1,ySkiloo
Sun May 05 15:42:18 +0000 2024,0,RT @badbunny_global: Benito x Luka ğŸ€ https://t.co/e6k84cWVWO,ySkiloo
Wed Mar 13 19:36:07 +0000 2024,0,RT @_badassiee: You gotta talk to me nice.,ySkiloo
Sat Mar 09 01:15:34 +0000 2024,0,#Enhypentickets,ySkiloo
Tue Mar 05 16:29:26 +0000 2024,0,"RT @oliviarodrigo: the video for â€˜Canâ€™t Catch Me Nowâ€™ is out now!!! @thehungergames 

https://t.co/rPLuE20Ymg https://t.co/Bwc7UGS8Ke",ySkiloo
Tue Mar 05 16:28:47 +0000 2024,0,"RT @oliviarodrigo: less than 2 weeks til the start of #GUTSworldtour!!! â­ï¸ I want to see as many of u as possible, so Iâ€™ll be releasing a lâ€¦",ySkiloo
Tue Mar 05 16:28:37 +0000 2024,0,RT @oliviarodrigo: GUTS is yours now. https://t.co/5G5iMli6c8â¤ï¸â¤ï¸â¤ï¸â¤ï¸â¤ï¸â¤ï¸â¤ï¸â¤ï¸â¤ï¸ https://t.co/XLMKVp8S5z,ySkiloo
Sun Mar 03 23:03:42 +0000 2024,0,"RT @bodgyalti: i love going out and enjoying myself but i also love being in my home, comfortable and safe. nobody gets me! ğŸ˜­ i will come oâ€¦",ySkiloo
Tue May 07 15:21:24 +0000 2024,15,"â€œWhat do I desire when I wish to have my own will? I desire my own happiness; 

â€œwell, but I shall get it far more easily if I let God have his will, for the will of God is both for his own glory and my happiness; (1/3)",MikeRiccardi_
Mon May 06 16:08:10 +0000 2024,62,"â€œThe sight of that face will well repay you for all the sighs and cries with which you sought him; 

â€œand to hear him say, â€˜I have loved thee with an everlasting love, therefore with lovingkindness have I drawn thee,â€™ (1/2)",MikeRiccardi_
Sun May 05 21:17:34 +0000 2024,0,"RT @theolojesus: J. C. Ryle on the importance of the atoning death of Christ.

If there is ever a hill to die on, Penal Substitutionary Atoâ€¦",MikeRiccardi_
Fri May 03 20:11:18 +0000 2024,0,"RT @KristanHawkins: When I was at Florida International University, Thomas drove 3 hours to share his story with me. 

It is one that has lâ€¦",MikeRiccardi_
Fri May 03 15:16:26 +0000 2024,57,"â€œA poor soul under distress of mind has gone to the priest, and he says, â€˜If thou wouldst be pardoned do penance.â€™ While he is flogging his back and laying on the stripes most earnestly I think I hear the Saviour saying to the whole tribe of priests, (1/4)",MikeRiccardi_
Thu May 02 15:51:21 +0000 2024,61,"John Flavel with timely words for the nations of the West:

â€œWe of this nation have long enjoyed the light of the glorious gospel among us; it hath shone in much clearness upon this sinful island, for more than a whole century of happy years. (1/3)",MikeRiccardi_
Wed May 01 14:56:11 +0000 2024,129,"â€œI remember, when I first came to London to preach the Word, I thought that I could bear anything for Christ; but I found myself shamefully slandered, all manner of falsehoods were uttered concerning me, and in agony I fell on my face before God, and cried unto him. (1/5)",MikeRiccardi_
Tue Apr 30 14:48:02 +0000 2024,61,"â€œChrist evidently held forth is divine eloquence.â€

â€” John Norton",MikeRiccardi_
Mon Apr 29 18:08:51 +0000 2024,0,"RT @SteveMeisterVDM: â€œI think the conflation of nonsense and mystery is a problem kind of widespread in a lot of modern, analytic philosophâ€¦",MikeRiccardi_
Mon Apr 29 14:55:32 +0000 2024,65,"â€œI have sometimes thought I might imagine such a scene as this at the gates of heaven, when the great Shepherd comes to give in his charge. 

â€œâ€˜Here am I,â€™ saith he, â€˜and the children which thou hast given me.â€™ (1/5)",MikeRiccardi_
Fri Apr 26 15:37:49 +0000 2024,43,"â€œNay, not the sinner, but I am the sinnerâ€™s Substitute; all the sinnerâ€™s guilt was imputed to me; all his unrighteousness is mine, and all my righteousness is his; I, the Saviour, am the sinnerâ€™s Substitute; take me.â€ (3/)",MikeRiccardi_
Fri Apr 26 15:37:48 +0000 2024,110,"Justice said, â€œThey are sinners; I will have them, I will sheathe this sword in their hearts, for they are sinners, and they must perish.â€ 

Then Christ came forward, and asked him, â€œWhom seekest thou?â€ 

â€œSinners,â€ answered Justice. (1/4)",MikeRiccardi_
Thu Apr 25 17:39:38 +0000 2024,0,"RT @MastersSeminary: ""God will never condemn those whose condemnation was paid in full by His Son."" â€“Â John MacArthur",MikeRiccardi_
Thu Apr 25 16:14:40 +0000 2024,41,"â€œStore the heart w a sense of the love of God in Christ, 

â€œwith the eternal design of His grace, 

â€œwith a taste of the blood of Christ, and His love in the shedding of it; 

â€œget a relish of the privileges we have thereby,â€”our adoption, justification, acceptation w God; (1/2)",MikeRiccardi_
Thu Apr 25 04:10:18 +0000 2024,0,"RT @MastersSeminary: â€œInstead of simplifying the mystery of the incarnation, we should allow it to increase our worship of Christ.â€ Read Jaâ€¦",MikeRiccardi_
Wed Apr 24 15:24:47 +0000 2024,98,"â€œThe true holy water is not that which the pope sprinkles, but is distilled from the penitent eye.â€

â€” Thomas Watson",MikeRiccardi_
Tue Apr 23 14:22:15 +0000 2024,119,"â€œTo those to whom Christ is the hope of future glory,

â€œHe is also the life of present grace.â€

â€” John Owen",MikeRiccardi_
Mon Apr 22 16:39:02 +0000 2024,0,"RT @TheRhetorRick: PSA for my Baptist friends: 

I know many of you already do this, but for those who don't, please trace your history toâ€¦",MikeRiccardi_
Mon Apr 22 14:43:33 +0000 2024,69,"â€œThough I sleep when I ought to wake and watch with him, yet he loves me. Although, under the brunt of a strong temptation, I may flee, still he loves me; ay, and even if I should deny him, yet I can understand that, as he loved Peter, he may still love me. (1/3)",MikeRiccardi_
Tue May 07 17:33:04 +0000 2024,0,"RT @CraigBaird: On this day in 1977, Trudeau did a spin with his arm extended in the air at Buckingham Palace as Princess Margaret (often mâ€¦",monicasweet2006
Tue May 07 17:32:10 +0000 2024,0,"RT @YVindman: Donald Trump fired me for blowing the whistle on his corruption. 

Donald Trump attacked Gold Star father Khizr Khan, whose sâ€¦",monicasweet2006
Tue May 07 17:30:24 +0000 2024,0,"RT @ruthbenghiat: Analysis: This as yet another loyalty performance for an audience of One, who is addressed as though he is still the headâ€¦",monicasweet2006
Tue May 07 17:28:05 +0000 2024,0,RT @Andie00471: He founded his own golf clubs precisely because he couldn't get INTO high society clubs! He was laughed at more than laugheâ€¦,monicasweet2006
Tue May 07 17:27:52 +0000 2024,0,RT @duty2warn: BREAKING: This would appear to be Trumpâ€™s ticket to jail. During his break he attacked the witness testifying today with thiâ€¦,monicasweet2006
Tue May 07 17:20:00 +0000 2024,0,RT @bk_belton: @DinGrogu85 @monicasweet2006 #PierrePoilievreIsUnelectable ğŸ‡¨ğŸ‡¦ https://t.co/5ciXLLweGW,monicasweet2006
Tue May 07 16:31:30 +0000 2024,0,RT @DawnAlene64: @monicasweet2006 #HoneyBunch,monicasweet2006
Tue May 07 16:28:59 +0000 2024,0,"RT @OGGY_North: What truly concerns me most about a @PierrePoilievre majority government is the sheer lack of checks and balances.

Much liâ€¦",monicasweet2006
Tue May 07 16:28:48 +0000 2024,0,RT @ifudontlike2bad: Donald J. Trump is the reason people deny being Americans when they travel to other countries. They claim to be Canadiâ€¦,monicasweet2006
Tue May 07 16:28:29 +0000 2024,0,"RT @GunnyJ: We need our teeth to eat.
We need our eyes to see.

Why are neither considered core needs for healthcare/health insurance coverâ€¦",monicasweet2006
Tue May 07 16:27:32 +0000 2024,4,"My beautiful Selena
Gone but never forgotten ğŸ’” 
Bidi bidi bom bom",monicasweet2006
Tue May 07 16:20:34 +0000 2024,0,"RT @KlasfeldReports: Daniels says that she Trump spoke often on the phone:

""I always put him on speakerphone. We thought it was funny. Dozâ€¦",monicasweet2006
Tue May 07 16:10:17 +0000 2024,0,RT @leafs4life59: @monicasweet2006 @Patrici52965206 AMEN ğŸ™,monicasweet2006
Tue May 07 16:07:55 +0000 2024,0,RT @allarebananas: REPUBLICANS    ***ARE***    THE     FUCKING    THREAT!!!,monicasweet2006
Tue May 07 16:05:40 +0000 2024,0,RT @theliamnissan: Everybody retweet for visibility and check if you're still following my account because Elon likes to automatically unfoâ€¦,monicasweet2006
Tue May 07 16:03:41 +0000 2024,0,"RT @mini_bubbly: Trudeau govt bypasses Ford, sending housing money straight to Ontario municipalities

The federal govt warned Ontario it câ€¦",monicasweet2006
Tue May 07 16:02:55 +0000 2024,0,RT @JEA_CommonSense: This is my guy Joe Biden. Faithful and loyal!!! A great President.   @POTUS https://t.co/7ZXRjvzhk2,monicasweet2006
Tue May 07 15:37:48 +0000 2024,0,RT @JEA_CommonSense: @monicasweet2006 So true!!!!  Good for me to remember.,monicasweet2006
Tue May 07 15:21:20 +0000 2024,17,"Don't wait until you're on your death bed to tell someone you love them, it may fall on deaf ears after so many years 
It's Too little too late
Do it while you are alive and well, it will be more meaningful, and you might get some healing",monicasweet2006
Tue May 07 14:56:33 +0000 2024,0,"RT @jonathanstea: Iâ€™d like to thank the Academy, my parents, Anthony Fauci, and every other baby sheep who dared to dream beyond the pasturâ€¦",monicasweet2006
Tue May 07 14:55:46 +0000 2024,0,"RT @JoeBiden: Teaching isnâ€™t just what @DrBiden does; itâ€™s who she is.

On Teacher Appreciation Day, Iâ€™m honoring Jill and all of our natioâ€¦",monicasweet2006
Tue May 07 14:54:41 +0000 2024,0,"RT @pgoodfellow: Pierre Poilievre has been my MP since 2004, when he was an arrogant student with only 2 yrs of university under his belt.â€¦",monicasweet2006
Tue May 07 14:54:07 +0000 2024,0,RT @HuffmanForNC: I just filed my notice of candidacy to be a 2024 Delegate to the Democratic National Convention in Chicago. I will be votâ€¦,monicasweet2006
Tue May 07 14:43:51 +0000 2024,0,RT @BestStephenD: I subscribe to the @globeandmail to keep aware of what a news organization that is respected by many is reporting. The reâ€¦,monicasweet2006
Tue May 07 14:41:08 +0000 2024,23,"An update for those who were kind in the replies on my story from a couple of weeks ago 

She died 

4 days after they told me, there was no time to setup a phone call, as I was willing to give that 

The End",monicasweet2006
Tue May 07 14:15:17 +0000 2024,0,"RT @atrupar: Irony alert -- as Trump this morning compares America to a third world country because a former president is being prosecuted,â€¦",monicasweet2006
Tue May 07 14:04:42 +0000 2024,0,"RT @OceanKayyy: Being an empath is not just something you say you are, it is something you feel inside of you every single day. Whether youâ€¦",monicasweet2006
Tue May 07 14:02:43 +0000 2024,0,"RT @ice_gurl77: Seems AB, the apparent fascist testing ground in Canada, isn't taking too kindly to Danielle Smith attempting to usher in fâ€¦",monicasweet2006
Tue May 07 14:01:53 +0000 2024,0,RT @BadBradRSR: .@MarkHamill someone told me you advocated on my behalf about getting suspended for being a liberal account who speaks out!â€¦,monicasweet2006
Tue May 07 14:01:40 +0000 2024,0,"RT @NL_ANTIFA: A Homophobic Shock Jock with Ties to ExtremistsğŸ§µ

1. Dean Blundell has a long history with homophobia. No one should be surpâ€¦",monicasweet2006
Tue May 07 14:01:31 +0000 2024,0,"RT @brandy_withawhy: A reminder, Blundell has always been awful.
#Grifter #Liar",monicasweet2006
Tue May 07 13:30:16 +0000 2024,0,RT @mini_bubbly: Pierre Poilievre doesnâ€™t have anything nice to say. The Conservative leader is toxic and itâ€™s infecting public discourse hâ€¦,monicasweet2006
Tue May 07 13:29:51 +0000 2024,0,"RT @BerlinskyJohn: Opioid death rates are similar in BC and Alberta, accounting for 55% of Canadian opioid deaths despite having only 25% oâ€¦",monicasweet2006
Tue May 07 13:29:38 +0000 2024,0,RT @taradublinrocks: Donald Trump has to go back to court today because heâ€™s a traitorous criminal fraud who committed election interferencâ€¦,monicasweet2006
Tue May 07 13:26:22 +0000 2024,0,RT @TonyMichaelsPod: #stopproject2025 https://t.co/hOZlIpdl0C,monicasweet2006
Tue May 07 13:26:16 +0000 2024,0,"RT @AshleyFoxRPN: Are you sure? 
Because not even a year ago you were blaming nurses for being on vacation resulting in ER closures. 
Rememâ€¦",monicasweet2006
Tue May 07 13:24:12 +0000 2024,0,"RT @rcpulsinelli: @monicasweet2006 @Ray_P45 Good riddance. Should have picked off a few more. How â€˜bout the â€œQanon Shamanâ€? 

https://t.co/â€¦",monicasweet2006
Tue May 07 13:23:28 +0000 2024,0,RT @AKBrews: Me dragging myself out of bed this morning: https://t.co/tRIQ3j353E,monicasweet2006
Tue May 07 13:22:45 +0000 2024,0,"RT @mini_bubbly: Why the UCP Is a Threat to Democracy

Political scientist Jared Wesley makes the case. And explains how Albertans should pâ€¦",monicasweet2006
Tue May 07 13:22:03 +0000 2024,0,RT @Peatches66: This ğŸ· was suspended on his main for harassment. Please report and 86 heâ€™s a democrap not a democrat.,monicasweet2006
